Username,Identifier,Phone number,Full name
booker12,9012,971651,Rachel Booker
grey07,2070,984815,Laura Grey
johnson81,4081,748485,Craig Johnson
jenkins46,9346,454545,Mary Jenkins
smith79,5079,464545,Jamie Smith
booker12,9012,971651,Rachel Booker
grey07,2070,984815,Laura Grey
johnson81,4081,748485,Craig Johnson
jenkins46,9346,454545,Mary Jenkins
smith79,5079,464545,Jamie Smith
booker12,9012,971651,Rachel Booker
grey07,2070,984815,Laura Grey
johnson81,4081,748485,Craig Johnson
jenkins46,9346,454545,Mary Jenkins
smith79,5079,464545,Jamie Smith
booker12,9012,971651,Rachel Booker
grey07,2070,984815,Laura Grey
johnson81,4081,748485,Craig Johnson
jenkins46,9346,454545,Mary Jenkins
smith79,5079,464545,Jamie Smith
booker12,9012,971651,Rachel Booker
grey07,2070,984815,Laura Grey
johnson81,4081,748485,Craig Johnson
jenkins46,9346,454545,Mary Jenkins
smith79,5079,464545,Jamie Smith
booker12,9012,971651,Rachel Booker
grey07,2070,984815,Laura Grey
johnson81,4081,748485,Craig Johnson
jenkins46,9346,454545,Mary Jenkins
smith79,5079,464545,Jamie Smith
booker12,9012,971651,Rachel Booker
grey07,2070,984815,Laura Grey
johnson81,4081,748485,Craig Johnson
jenkins46,9346,454545,Mary Jenkins
smith79,5079,464545,Jamie Smith
booker12,9012,971651,Rachel Booker
grey07,2070,984815,Laura Grey
johnson81,4081,748485,Craig Johnson
jenkins46,9346,454545,Mary Jenkins
smith79,5079,464545,Jamie Smith
booker12,9012,971651,Rachel Booker
grey07,2070,984815,Laura Grey
johnson81,4081,748485,Craig Johnson
jenkins46,9346,454545,Mary Jenkins
smith79,5079,464545,Jamie Smith
booker12,9012,971651,Rachel Booker
grey07,2070,984815,Laura Grey
johnson81,4081,748485,Craig Johnson
jenkins46,9346,454545,Mary Jenkins
smith79,5079,464545,Jamie Smith
booker12,9012,971651,Rachel Booker
grey07,2070,984815,Laura Grey
johnson81,4081,748485,Craig Johnson
jenkins46,9346,454545,Mary Jenkins
smith79,5079,464545,Jamie Smith
booker12,9012,971651,Rachel Booker
grey07,2070,984815,Laura Grey
johnson81,4081,748485,Craig Johnson
jenkins46,9346,454545,Mary Jenkins
smith79,5079,464545,Jamie Smith
booker12,9012,971651,Rachel Booker
grey07,2070,984815,Laura Grey
johnson81,4081,748485,Craig Johnson
jenkins46,9346,454545,Mary Jenkins
smith79,5079,464545,Jamie Smith
booker12,9012,971651,Rachel Booker
grey07,2070,984815,Laura Grey
johnson81,4081,748485,Craig Johnson
jenkins46,9346,454545,Mary Jenkins
smith79,5079,464545,Jamie Smith
booker12,9012,971651,Rachel Booker
grey07,2070,984815,Laura Grey
johnson81,4081,748485,Craig Johnson
jenkins46,9346,454545,Mary Jenkins
smith79,5079,464545,Jamie Smith
booker12,9012,971651,Rachel Booker
grey07,2070,984815,Laura Grey
johnson81,4081,748485,Craig Johnson
jenkins46,9346,454545,Mary Jenkins
smith79,5079,464545,Jamie Smith
